employee_no,designation,grade,departmant/project,salary_details,basic,housing_allowance,transportation_allowance,FOT,food_allowance,living_allowance,ticket_allowance,others,arrears
8,QMR,6,ISO,27750.00,15000.00,6250.00,1500.00,0.00,0.00,5000.00,4900.00,0.00,
40,Sr. Procurement Officer,5A,Procurement,15300.00,10000.00,3333.00,300.00,0.00,0.00,1667.00,2800.00,0.00,
53,General Manager,9A,GM Office,80000.00,40000.00,12500.00,4000.00,0.00,0.00,22000.00,5500.00,1500.00,
68,Site Supervisor,5B,Operations,14300.00,9500.00,3167.00,300.00,0.00,0.00,1333.00,2100.00,0.00,
101,Pipe Fitter,3,Grove,1900.00,1680.00,0.00,0.00,220.00,0.00,0.00,2000.00,0.00,
102,Labor,1,Operations,1152.00,692.00,0.00,0.00,0.00,0.00,0.00,2000.00,460.00,
103,JCB Operator,4B,Grove,2249.55,807.00,0.00,0.00,0.00,250.00,0.00,2000.00,537.00,
105,Labor,1,Grove,1257.00,760.00,0.00,0.00,99.00,250.00,148.00,2000.00,0.00,
106,HE Operator,4B,Operations,1725.00,900.00,0.00,0.00,0.00,0.00,0.00,2000.00,600.00,
110,Machine Operator,3,Grove,1600.00,1300.00,0.00,0.00,169.00,0.00,131.00,2000.00,0.00,
111,Leadman,3,Operations,2450.00,1800.00,0.00,0.00,234.00,250.00,166.00,2000.00,0.00,
122,Leadman,3,Grove,2218.75,1200.00,0.00,0.00,156.00,0.00,44.00,2300.00,0.00,
123,Driver - Heavy,3,Operations,2200.00,1800.00,0.00,0.00,234.00,0.00,166.00,2000.00,0.00,
132,Foreman,4A,Operations,3949.25,1320.00,0.00,0.00,0.00,0.00,0.00,2000.00,880.00,
137,Irrigation Foreman,4A,Grove,6390.47,2250.00,0.00,0.00,293.00,0.00,257.00,2000.00,0.00,
138,HE Operator,4B,Operations,2685.83,1320.00,0.00,0.00,0.00,0.00,0.00,2000.00,880.00,
139,Foreman,4A,Operations,2465.00,1329.00,0.00,0.00,0.00,250.00,0.00,2000.00,886.00,
144,Foreman,4A,Operations,2070.00,1080.00,0.00,0.00,0.00,0.00,0.00,2000.00,720.00,
180,Buyer,5B,Procurement,8500.00,6000.00,2000.00,0.00,0.00,0.00,500.00,2300.00,0.00,
197,Tiler,3,Operations,1676.39,819.00,0.00,0.00,0.00,0.00,0.00,2000.00,546.00,
200,Mason,3,Operations,1589.00,804.00,0.00,0.00,0.00,250.00,0.00,2000.00,535.00,
212,Plumber,3,Operations,1700.00,1700.00,0.00,0.00,0.00,0.00,0.00,2000.00,0.00,
214,Irrigation Foreman,4A,Operations,3308.00,2927.00,0.00,0.00,381.00,0.00,0.00,2000.00,0.00,
227,Landscape Foreman,4A,Grove,6141.67,4000.00,0.00,0.00,0.00,0.00,0.00,1950.00,0.00,
235,Surveyor Assistant,3,Operations,2959.67,1050.00,0.00,0.00,0.00,0.00,0.00,2000.00,700.00,
248,Helper,2,Grove,1100.00,900.00,0.00,0.00,117.00,0.00,83.00,2300.00,0.00,
256,Gardener,2,Grove,1054.55,629.00,0.00,0.00,0.00,0.00,0.00,2300.00,419.00,
414,General Site Supervisor,5B,Grove,8416.67,5500.00,1833.00,0.00,0.00,0.00,1083.67,2500.00,0.00,
442,Secretary,4A,Operations,6000.00,4500.00,1000.00,200.00,0.00,0.00,300.00,2800.00,0.00,
483,Sr. Irrigation Engineer,6,Operations,16500.00,9500.00,3958.00,1500.00,0.00,0.00,1542.00,8600.00,0.00,
486,Chief Accountant,6,Legal,16167.00,10000.00,4167.00,1500.00,0.00,0.00,500.00,4750.00,0.00,
491,Payroll Officer,5B,Human Resources,11000.00,7500.00,2500.00,300.00,0.00,0.00,700.00,2800.00,0.00,
498,Foreman,4A,Grove,5647.67,3500.00,0.00,0.00,456.00,250.00,0.00,2500.00,0.00,
508,Secretary,4A,Logistics Department,5200.00,4000.00,1000.00,200.00,0.00,0.00,0.00,2800.00,0.00,
516,Landscape Supervisor,5B,Grove,5708.33,5500.00,0.00,0.00,0.00,0.00,208.33,2000.00,0.00,
525,Labor,1,Operations,850.00,708.00,0.00,0.00,92.00,0.00,50.00,2000.00,0.00,
528,Leadman,3,Operations,1825.00,1300.00,0.00,0.00,169.00,0.00,31.00,2000.00,0.00,
529,Leadman,3,Camelia Showroom,1750.00,1300.00,0.00,0.00,169.00,250.00,31.00,2000.00,0.00,
530,Machine Operator,3,Grove,1404.00,1242.00,0.00,0.00,162.00,0.00,0.00,2000.00,0.00,
531,Machine Operator,3,Grove,1608.33,1300.00,0.00,0.00,169.00,0.00,31.00,2000.00,0.00,
532,Machine Operator,3,Grove,2366.67,1300.00,0.00,0.00,169.00,0.00,31.00,2000.00,0.00,
535,Labor,1,Operations,1134.75,787.00,0.00,0.00,101.00,0.00,50.00,2000.00,0.00,
538,Leadman,3,Grove,1513.54,1300.00,0.00,0.00,169.00,0.00,31.00,2000.00,0.00,
549,Labor,1,Grove,1742.19,900.00,0.00,0.00,117.00,250.00,148.00,2000.00,0.00,
570,Sr. Surveyor,5B,Operations,10633.33,7000.00,2333.00,300.00,0.00,0.00,1000.33,2500.00,0.00,
583,Executive Secretary,5B,GM Office,10800.00,7500.00,2500.00,300.00,0.00,0.00,500.00,2800.00,0.00,
589,Deputy QMR,5B,ISO,14239.51,8000.00,2667.00,300.00,0.00,0.00,2033.00,2800.00,0.00,
629,Pipe Fitter,3,Grove,1601.00,1211.00,0.00,0.00,158.00,0.00,232.00,2000.00,0.00,
633,Leadman,3,Grove,1399.63,747.00,0.00,0.00,0.00,0.00,0.00,2000.00,497.00,
634,Leadman,3,Grove,2218.75,1200.00,0.00,0.00,156.00,0.00,44.00,2000.00,0.00,
645,Foreman,4A,Operations,1851.56,900.00,0.00,0.00,0.00,0.00,0.00,2000.00,600.00,
646,Labor,1,Operations,1118.65,596.00,0.00,0.00,0.00,0.00,0.00,2000.00,396.00,
651,Gardener,2,Grove,1600.00,1000.00,0.00,0.00,130.00,250.00,220.00,2000.00,0.00,
666,Mason,3,Grove,4025.00,1725.00,0.00,0.00,0.00,0.00,0.00,2300.00,0.00,
669,Foreman,4A,Grove,5076.00,2500.00,0.00,0.00,326.00,250.00,0.00,2000.00,0.00,
773,Sr. Planning Engineer,6,Operations,23900.00,13000.00,5417.00,1500.00,0.00,0.00,2083.00,1900.00,0.00,
799,Stamped Concrete Supervisor,5B,Operations,12467.00,8500.00,2833.00,300.00,0.00,0.00,834.00,2100.00,0.00,
806,Foreman,4A,Wood Workshop,4250.00,3000.00,0.00,0.00,391.00,250.00,609.00,2300.00,0.00,
825,Plumber,3,Grove,1400.00,1200.00,0.00,0.00,156.00,0.00,44.00,2300.00,0.00,
826,Storekeeper,4B,Operations,1921.00,1700.00,0.00,0.00,221.00,0.00,0.00,2300.00,0.00,
867,Sr. Procurement Officer,5A,Procurement,16000.00,9600.00,3200.00,300.00,0.00,0.00,2900.00,2800.00,0.00,
869,HE Operator,4B,Operations,2512.00,2000.00,0.00,0.00,260.00,0.00,252.00,2000.00,0.00,
906,Plumber,3,Operations,1027.25,637.00,0.00,0.00,83.00,0.00,148.00,2000.00,0.00,
918,Machine Operator,3,Operations,3455.15,700.00,0.00,0.00,91.00,250.00,148.00,2000.00,0.00,
919,Plumber,3,Operations,3312.83,978.00,0.00,0.00,127.00,0.00,0.00,2000.00,0.00,
920,Machine Operator,3,Grove,3284.69,900.00,0.00,0.00,117.00,0.00,83.00,2000.00,0.00,
922,Machine Operator,3,Operations,3354.00,800.00,0.00,0.00,104.00,250.00,200.00,2000.00,0.00,
925,Machine Operator,3,Operations,3222.00,800.00,0.00,0.00,104.00,0.00,148.00,2000.00,0.00,
933,Machine Operator,3,Grove,991.00,700.00,0.00,0.00,91.00,0.00,200.00,2000.00,0.00,
945,Foreman,4A,Operations,1600.00,1200.00,0.00,0.00,0.00,250.00,150.00,2000.00,0.00,
947,Leadman,3,Operations,1750.00,1327.00,0.00,0.00,173.00,250.00,0.00,2000.00,0.00,
960,Plumber,3,Grove,1580.00,1000.00,0.00,0.00,130.00,250.00,200.00,2000.00,0.00,
962,Foreman,4A,Operations,3139.32,1750.00,0.00,0.00,228.00,0.00,22.00,2000.00,0.00,
974,Security,3,Operations,1823.22,950.00,0.00,0.00,124.00,0.00,200.00,2000.00,0.00,
1000,Street Print Applicator,3,Operations,1344.73,842.00,0.00,0.00,110.00,0.00,348.00,2000.00,0.00,
1007,Surveyor Assistant,3,Operations,1507.15,700.00,0.00,0.00,91.00,250.00,200.00,2000.00,0.00,
1012,Welder,4A,Operations,3165.25,1770.00,0.00,0.00,230.00,0.00,0.00,2000.00,0.00,
1023,Security,3,Operations,1546.53,975.00,0.00,0.00,127.00,0.00,150.00,2000.00,0.00,
1062,Foreman,4A,Operations,4500.00,3700.00,0.00,0.00,482.00,0.00,318.00,2000.00,0.00,
1088,Mechanic,4B,Grove,3167.19,2100.00,0.00,0.00,273.00,0.00,127.00,2300.00,0.00,
1091,Pump Operator,3,Wood Workshop,2750.00,1800.00,0.00,0.00,234.00,250.00,466.00,2300.00,0.00,
1101,Foreman,4A,Operations,5858.50,4000.00,1000.00,0.00,521.00,0.00,0.00,2500.00,0.00,
1120,Foreman,4A,Grove,2040.17,1360.00,0.00,0.00,177.00,250.00,239.00,2000.00,0.00,
1133,HE Operator,4B,Wood Workshop,2158.00,1688.00,0.00,0.00,220.00,250.00,0.00,2300.00,0.00,
1152,Carpenter,3,Wood Workshop,2550.00,1600.00,0.00,0.00,208.00,250.00,492.00,2300.00,0.00,
1166,Office Assistant,3,Administration,4014.06,2100.00,1000.00,200.00,0.00,200.00,0.00,2800.00,0.00,
1172,Driver - Heavy,3,Operations,3854.00,2300.00,0.00,0.00,299.00,250.00,430.00,2000.00,0.00,
1180,Driver - Heavy,3,Logistics Department,3690.00,2663.00,0.00,0.00,347.00,250.00,430.00,2000.00,0.00,
1191,Foreman,4A,Operations,3850.00,3185.00,0.00,0.00,415.00,250.00,0.00,2000.00,0.00,
1201,Foreman,4A,Operations,2871.63,1645.00,0.00,0.00,214.00,250.00,240.00,2300.00,0.00,
1202,Mason,3,Grove,1330.00,1000.00,0.00,0.00,130.00,0.00,200.00,2300.00,0.00,
1217,General Site Supervisor,5B,Operations,5467.00,3500.00,1167.00,300.00,0.00,0.00,500.00,2000.00,0.00,
1247,Machine Operator,3,Operations,1007.00,760.00,0.00,0.00,99.00,0.00,148.00,2000.00,0.00,
1255,Machine Operator,3,Grove,1191.00,700.00,0.00,0.00,91.00,250.00,150.00,2000.00,0.00,
1259,Electrician,4A,Operations,1893.00,1454.00,0.00,0.00,189.00,250.00,0.00,2000.00,0.00,
1264,Electrician,4A,Operations,1448.00,1200.00,0.00,0.00,156.00,0.00,92.00,2000.00,0.00,
1265,Leadman,3,Operations,1233.63,850.00,0.00,0.00,111.00,0.00,92.00,2000.00,0.00,
1269,Foreman,4A,Grove,1192.50,1000.00,0.00,0.00,130.00,0.00,0.00,2000.00,0.00,
1273,Machine Operator,3,Operations,1043.50,700.00,0.00,0.00,91.00,0.00,200.00,2000.00,0.00,
1276,Labor,1,Operations,850.00,626.00,0.00,0.00,82.00,0.00,142.00,2000.00,0.00,
1277,Machine Operator,3,Grove,939.00,700.00,0.00,0.00,91.00,0.00,148.00,2000.00,0.00,
1279,Gardener,2,Grove,1256.25,900.00,0.00,0.00,117.00,0.00,183.00,2000.00,0.00,
1282,Machine Operator,3,Grove,1059.00,760.00,0.00,0.00,99.00,0.00,200.00,2000.00,0.00,
1288,Plumber,3,Operations,1400.00,1000.00,0.00,0.00,130.00,0.00,270.00,2000.00,0.00,
1306,Office Boy,3,Operations,1313.00,1000.00,0.00,0.00,130.00,0.00,183.00,2000.00,0.00,
1312,Camp Boss,4A,Logistics Department,1508.00,980.00,0.00,0.00,128.00,250.00,150.00,2000.00,0.00,
1314,Gardener,2,Grove,1269.64,754.00,0.00,0.00,98.00,250.00,148.00,2000.00,0.00,
1318,Plumber,3,Operations,2020.24,1150.00,0.00,0.00,150.00,250.00,148.00,2000.00,0.00,
1330,Labor,1,Operations,1159.00,900.00,0.00,0.00,117.00,0.00,142.00,2000.00,0.00,
1335,Office Boy,3,Operations,1893.88,1000.00,0.00,0.00,130.00,0.00,92.00,2000.00,0.00,
1348,Carpenter,3,Wood Workshop,2750.00,1800.00,0.00,0.00,234.00,250.00,466.00,2300.00,0.00,
1376,Projects Manager,8B,Operations,38000.00,21000.00,8750.00,2500.00,0.00,0.00,5750.00,5200.00,0.00,
1388,Plumber,3,Operations,2745.00,2000.00,0.00,0.00,260.00,250.00,235.00,2300.00,0.00,
1404,Labor,1,Operations,1007.00,760.00,0.00,0.00,99.00,0.00,148.00,2000.00,0.00,
1406,Leadman,3,Administration,2708.13,1000.00,1000.00,0.00,130.00,250.00,0.00,2000.00,0.00,
1407,Labor,1,Operations,1221.25,885.00,0.00,0.00,115.00,0.00,0.00,2000.00,0.00,
1412,Gardener,2,Operations,1521.50,1000.00,0.00,0.00,130.00,0.00,254.00,2000.00,0.00,
1415,Leadman,3,Operations,2070.00,1500.00,0.00,0.00,195.00,0.00,0.00,2000.00,0.00,
1419,Foreman,4A,Operations,1900.00,1681.00,0.00,0.00,219.00,0.00,0.00,2000.00,0.00,
1420,Irrigation Foreman,4A,Operations,1932.00,1400.00,0.00,0.00,182.00,0.00,0.00,2000.00,0.00,
1421,Timekeeper,4B,Operations,1680.00,1000.00,0.00,0.00,130.00,250.00,300.00,2000.00,0.00,
1428,Street Print Applicator,3,Operations,1942.69,1100.00,0.00,0.00,143.00,0.00,270.00,2000.00,0.00,
1431,Gardener,2,Operations,1345.00,900.00,0.00,0.00,117.00,0.00,103.00,2000.00,0.00,
1439,Pipe Fitter,3,Grove,1400.00,1200.00,0.00,0.00,156.00,0.00,44.00,2000.00,0.00,
1443,Plumber,3,Operations,2172.74,1175.00,0.00,0.00,153.00,250.00,148.00,2000.00,0.00,
1444,Foreman,4A,Operations,1380.00,1000.00,0.00,0.00,130.00,0.00,0.00,2000.00,0.00,
1473,Plumber,3,Operations,991.00,700.00,0.00,0.00,91.00,0.00,200.00,2000.00,0.00,
1475,Labor,1,Grove,963.00,700.00,0.00,0.00,91.00,0.00,172.00,2000.00,0.00,
1478,Labor,1,Operations,1300.00,950.00,0.00,0.00,124.00,0.00,226.00,2000.00,0.00,
1526,Human Resources Officer,5B,Human Resources,8000.00,5500.00,1833.00,300.00,0.00,0.00,367.00,2800.00,0.00,
1531,Project Manager,7A,Operations,37300.00,17000.00,7083.00,2500.00,0.00,0.00,3417.00,7300.00,0.00,
1572,Machine Operator,3,Grove,2305.75,1200.00,0.00,0.00,156.00,0.00,131.00,2300.00,0.00,
1578,Gardener,2,Grove,1814.06,900.00,0.00,0.00,117.00,0.00,183.00,2300.00,0.00,
1644,Machine Operator,3,Grove,2256.25,1200.00,0.00,0.00,156.00,0.00,44.00,2300.00,0.00,
1705,Foreman,4A,Wood Workshop,2950.00,2200.00,0.00,0.00,286.00,250.00,214.00,2300.00,0.00,
1725,Foreman,4A,Operations,7166.67,4000.00,1000.00,0.00,521.00,0.00,479.00,2100.00,0.00,
1780,Security,3,Grove,1478.95,950.00,0.00,0.00,124.00,250.00,150.00,2000.00,0.00,
1791,JCB Operator,4B,Operations,2940.00,2000.00,0.00,0.00,260.00,250.00,430.00,1900.00,0.00,
1795,Sr. QC Engineer,6,Operations,20000.00,12000.00,5000.00,1500.00,0.00,0.00,1500.00,6530.00,0.00,
1800,Sr. Project Engineer,6,Estimation,15500.00,9500.00,3958.00,1500.00,0.00,0.00,542.00,8000.00,0.00,
1814,Labor,1,Grove,1694.96,760.00,0.00,0.00,99.00,250.00,148.00,2000.00,0.00,
1815,Labor,1,Grove,1257.00,760.00,0.00,0.00,99.00,250.00,148.00,2000.00,0.00,
1816,Labor,1,Grove,1694.96,760.00,0.00,0.00,99.00,250.00,148.00,2000.00,0.00,
1819,Labor,1,Grove,1694.96,760.00,0.00,0.00,99.00,250.00,148.00,2000.00,0.00,
1826,Labor,1,Grove,1694.96,760.00,0.00,0.00,99.00,250.00,148.00,2000.00,0.00,
1827,Labor,1,Grove,1694.96,760.00,0.00,0.00,99.00,250.00,148.00,2000.00,0.00,
1832,Labor,1,Grove,1694.96,760.00,0.00,0.00,99.00,250.00,148.00,2000.00,0.00,
1834,Labor,1,Grove,1694.96,760.00,0.00,0.00,99.00,250.00,148.00,2000.00,0.00,
1837,Labor,1,Grove,1694.96,760.00,0.00,0.00,99.00,250.00,148.00,2000.00,0.00,
1842,Labor,1,Grove,850.00,577.00,0.00,0.00,75.00,0.00,198.00,2000.00,0.00,
1844,Labor,1,Grove,1694.96,760.00,0.00,0.00,99.00,250.00,148.00,2000.00,0.00,
1845,Labor,1,Grove,1694.96,760.00,0.00,0.00,99.00,250.00,148.00,2000.00,0.00,
1846,Labor,1,Grove,1694.96,760.00,0.00,0.00,99.00,250.00,148.00,2000.00,0.00,
1850,Labor,1,Grove,1694.96,760.00,0.00,0.00,99.00,250.00,148.00,2000.00,0.00,
1852,Plant Production Crew,2,Grove,1176.38,900.00,0.00,0.00,117.00,0.00,150.00,2000.00,0.00,
1853,Labor,1,Grove,1257.00,760.00,0.00,0.00,99.00,250.00,148.00,2000.00,0.00,
1854,Leadman,3,Grove,1694.96,760.00,0.00,0.00,99.00,250.00,148.00,2000.00,0.00,
1856,Labor,1,Grove,1694.96,760.00,0.00,0.00,99.00,250.00,148.00,2000.00,0.00,
1858,Labor,1,Grove,1694.96,760.00,0.00,0.00,99.00,250.00,148.00,2000.00,0.00,
1860,Site Supervisor,5B,Operations,8633.00,5500.00,1833.00,300.00,0.00,0.00,1000.00,2500.00,0.00,
1864,Mechanic,4B,Mechanic Workshop,2589.00,1800.00,0.00,0.00,234.00,250.00,305.00,2300.00,0.00,
1925,Foreman,4A,Grove,3528.13,1800.00,0.00,0.00,234.00,0.00,266.00,2300.00,0.00,
1964,MEP Manager,7A,Estimation,27000.00,14000.00,5833.00,2500.00,0.00,0.00,4667.00,7300.00,0.00,
1991,Machine Operator,3,Operations,1447.72,1018.00,0.00,0.00,132.00,250.00,0.00,2500.00,0.00,
2017,HE Operator,4B,Operations,2915.00,2000.00,0.00,0.00,260.00,0.00,430.00,2000.00,0.00,
2032,Driver - Heavy,3,Grove,3279.00,2300.00,0.00,0.00,299.00,250.00,430.00,2000.00,0.00,
2118,Plumber,3,Operations,2148.00,1600.00,0.00,0.00,208.00,0.00,0.00,2500.00,0.00,
2123,Gardener,2,Operations,1469.00,1300.00,0.00,0.00,169.00,0.00,0.00,2500.00,0.00,
2140,Labor,1,Operations,1250.00,1062.00,0.00,0.00,138.00,0.00,50.00,2500.00,0.00,
2141,Security,3,Operations,2002.50,1000.00,0.00,0.00,130.00,0.00,285.00,2500.00,0.00,
2196,Electrician,4A,Operations,2388.75,1200.00,0.00,0.00,156.00,0.00,264.00,2000.00,0.00,
2226,Camp Boss,4A,Operations,1898.17,1120.00,0.00,0.00,146.00,0.00,50.00,2500.00,0.00,
2262,Plumber,3,Operations,3665.00,1800.00,0.00,0.00,234.00,0.00,66.00,2800.00,0.00,
2277,Plumber,3,Grove,2486.00,2200.00,0.00,0.00,286.00,0.00,0.00,2800.00,0.00,
2280,Mechanic,4B,Mechanic Workshop,1354.00,800.00,0.00,0.00,104.00,250.00,200.00,0.00,0.00,
2305,Driver - Light,3,DCC,3500.00,2500.00,1000.00,0.00,0.00,0.00,0.00,2800.00,0.00,
2307,Stamped Concrete Applicator,3,Operations,2259.00,1600.00,0.00,0.00,208.00,250.00,201.00,2300.00,0.00,
2308,Stamped Concrete Applicator,3,Operations,3240.25,1800.00,0.00,0.00,234.00,0.00,175.00,2300.00,0.00,
2309,Stamped Concrete Applicator,3,Operations,3084.00,1600.00,0.00,0.00,208.00,0.00,201.00,2300.00,0.00,
2343,JCB Operator,4B,Operations,3440.00,2000.00,0.00,0.00,260.00,250.00,430.00,2000.00,0.00,
2345,Electrician,4A,Operations,1961.81,1108.00,0.00,0.00,144.00,0.00,0.00,2000.00,0.00,
2364,Labor,1,Grove,2237.77,1100.00,0.00,0.00,143.00,250.00,148.00,2500.00,0.00,
2422,Foreman,4A,Operations,2880.63,1900.00,0.00,0.00,247.00,250.00,353.00,2500.00,0.00,
2424,Gardener,2,Logistics Department,1650.00,1460.00,0.00,0.00,190.00,0.00,0.00,2500.00,0.00,
2428,Labor,1,Operations,2221.81,1300.00,0.00,0.00,169.00,0.00,50.00,2500.00,0.00,
2437,Plumber,3,Operations,2250.00,1770.00,0.00,0.00,230.00,250.00,0.00,2500.00,0.00,
2459,Site Supervisor,5B,Operations,6500.00,4500.00,1500.00,0.00,0.00,0.00,500.00,2500.00,0.00,
2462,Surveyor Assistant,3,Operations,1500.00,1327.00,0.00,0.00,173.00,0.00,0.00,2000.00,0.00,
2466,Sr. Project Engineer,6,Grove,12500.00,7500.00,3125.00,1500.00,0.00,0.00,375.00,5750.00,0.00,
2476,Mason,3,Operations,1952.56,1284.00,0.00,0.00,167.00,0.00,0.00,2000.00,0.00,
2487,Foreman,4A,Operations,3206.43,1858.00,0.00,0.00,242.00,250.00,150.00,2000.00,0.00,
2488,Mason,3,Operations,2191.75,1200.00,0.00,0.00,156.00,250.00,307.00,2000.00,0.00,
2489,Mason,3,Operations,1465.50,1062.00,0.00,0.00,138.00,0.00,0.00,2000.00,0.00,
2542,QA/QC Engineer,5A,Operations,4667.00,4000.00,0.00,0.00,0.00,0.00,667.00,2800.00,0.00,
2578,Site Supervisor,5B,Operations,13800.00,8900.00,2967.00,300.00,0.00,0.00,1633.00,2100.00,0.00,
2600,Driver - Heavy,3,Operations,4311.02,2663.00,0.00,0.00,347.00,0.00,430.00,2000.00,0.00,
2614,Site Supervisor,5B,Operations,8800.00,5500.00,1833.00,300.00,0.00,0.00,1167.00,2100.00,0.00,
2648,Accountant,5B,Finance,10000.00,7000.00,2333.00,300.00,0.00,0.00,367.00,2800.00,0.00,
2657,Materials Planning Engineer,5A,Operations,13300.00,7500.00,2500.00,300.00,0.00,0.00,700.00,2300.00,0.00,
2673,Gardener,2,Grove,1408.33,800.00,0.00,0.00,104.00,250.00,246.00,2000.00,0.00,
2674,Gardener,2,Grove,1408.33,800.00,0.00,0.00,104.00,250.00,246.00,2000.00,0.00,
2682,Gardener,2,Grove,1400.00,800.00,0.00,0.00,104.00,250.00,246.00,2000.00,0.00,
2683,Gardener,2,Grove,1404.17,800.00,0.00,0.00,104.00,250.00,246.00,2000.00,0.00,
2684,Gardener,2,Grove,1408.33,800.00,0.00,0.00,104.00,250.00,246.00,2000.00,0.00,
2688,Welder,4A,Wood Workshop,2550.00,2000.00,0.00,0.00,260.00,250.00,40.00,2300.00,0.00,
2855,Pipe Fitter,3,Operations,3400.00,1300.00,0.00,0.00,200.00,0.00,0.00,1900.00,0.00,
2868,Leadman,3,Operations,4854.91,1350.00,0.00,0.00,176.00,250.00,150.00,2500.00,0.00,
2870,HE Operator,4B,Operations,4534.00,1800.00,0.00,0.00,234.00,0.00,0.00,2500.00,0.00,
2872,Foreman,4A,Operations,3508.00,2883.00,0.00,0.00,375.00,250.00,0.00,2500.00,0.00,
2998,Mason,3,Operations,1719.00,1300.00,0.00,0.00,169.00,250.00,0.00,2000.00,0.00,
3000,Mason,3,Operations,1953.42,1100.00,0.00,0.00,143.00,0.00,0.00,2000.00,0.00,
3005,Tiler,3,Operations,2671.56,1500.00,0.00,0.00,195.00,0.00,0.00,2000.00,0.00,
3006,Mason,3,Operations,1719.00,1300.00,0.00,0.00,169.00,250.00,0.00,2000.00,0.00,
3008,Mason,3,Operations,1469.00,1300.00,0.00,0.00,169.00,0.00,0.00,2000.00,0.00,
3012,Mason,3,Operations,1752.05,1454.00,0.00,0.00,189.00,0.00,0.00,2000.00,0.00,
3225,Driver - Heavy,3,Grove,1611.00,1204.00,0.00,0.00,157.00,250.00,0.00,2000.00,0.00,
3226,Street Print Applicator,3,Operations,1970.92,1100.00,0.00,0.00,143.00,0.00,100.00,2000.00,0.00,
3227,Street Print Applicator,3,Operations,2489.35,1300.00,0.00,0.00,169.00,0.00,174.00,2000.00,0.00,
3228,Street Print Applicator,3,Operations,1777.92,1000.00,0.00,0.00,130.00,0.00,150.00,2000.00,0.00,
3250,Driver - Light,3,Logistics Department,2950.00,2200.00,0.00,0.00,286.00,250.00,214.00,2300.00,0.00,
3259,Construction Manager,7B,Operations,17000.00,10200.00,4167.00,2000.00,0.00,0.00,633.00,7300.00,0.00,
3260,Designer,5B,Branch Office - Al-Ain,11000.00,7500.00,2500.00,300.00,0.00,0.00,700.00,2100.00,0.00,
3286,Gardener,2,Grove,1250.00,750.00,0.00,0.00,98.00,250.00,152.00,2000.00,0.00,
3334,Machine Operator,3,Operations,1364.00,700.00,0.00,0.00,91.00,250.00,148.00,2000.00,0.00,
3335,Street Print Applicator,3,Operations,2372.27,1250.00,0.00,0.00,163.00,0.00,165.00,2000.00,0.00,
3340,Gardener,2,Grove,1253.91,750.00,0.00,0.00,98.00,250.00,152.00,2000.00,0.00,
3350,Sr. Document Controller,5A,DCC,12500.00,8000.00,2667.00,300.00,0.00,0.00,1533.00,2800.00,0.00,
3445,Foreman,4A,Operations,3260.42,2000.00,0.00,0.00,260.00,0.00,240.00,2500.00,0.00,
3453,Foreman,4A,Operations,7157.81,4500.00,1000.00,0.00,586.00,0.00,814.00,2100.00,0.00,
3455,Foreman,4A,Operations,6937.50,5000.00,0.00,0.00,651.00,250.00,849.00,2100.00,0.00,
3494,Foreman,4A,Logistics Department,2600.00,2500.00,0.00,0.00,100.00,0.00,0.00,2500.00,0.00,
3540,Gardener,2,Grove,1277.81,750.00,0.00,0.00,98.00,250.00,172.00,2000.00,0.00,
3542,Gardener,2,Grove,1277.81,750.00,0.00,0.00,98.00,250.00,172.00,2000.00,0.00,
3544,Gardener,2,Grove,1273.91,750.00,0.00,0.00,98.00,250.00,172.00,2000.00,0.00,
3550,Gardener,2,Grove,1270.00,750.00,0.00,0.00,98.00,250.00,172.00,2000.00,0.00,
3717,Surveyor,4A,Operations,4460.81,3539.00,0.00,0.00,461.00,0.00,0.00,2300.00,0.00,
3718,Surveyor,4A,Operations,4250.00,3539.00,0.00,0.00,461.00,250.00,0.00,2300.00,0.00,
3732,Tiler,3,Operations,1598.00,980.00,0.00,0.00,128.00,250.00,240.00,2000.00,0.00,
3733,Tiler,3,Logistics Department,1620.00,1000.00,0.00,0.00,130.00,250.00,240.00,2000.00,0.00,
3734,Tiler,3,Logistics Department,1450.00,850.00,0.00,0.00,110.00,250.00,240.00,2000.00,0.00,
3867,Electrical Foreman,4A,Operations,3356.00,2900.00,0.00,0.00,378.00,0.00,78.00,2300.00,0.00,
3883,AC Technician,4A,Operations,3200.00,3200.00,0.00,0.00,0.00,0.00,0.00,2300.00,0.00,
3906,AC Foreman,4A,Operations,3843.00,3400.00,0.00,0.00,443.00,0.00,0.00,2300.00,0.00,
3944,Plumber,3,Operations,2603.78,2214.00,0.00,0.00,286.00,0.00,0.00,2800.00,0.00,
3947,Tiler,3,Grove,4001.04,2200.00,0.00,0.00,286.00,0.00,14.00,2800.00,0.00,
4039,Driver - Light,3,Operations,2740.00,2000.00,0.00,0.00,260.00,0.00,180.00,2000.00,0.00,
4108,HE Operator,4B,Grove,5046.88,3000.00,0.00,0.00,0.00,0.00,0.00,2300.00,0.00,
4145,Site Engineer,5A,Operations,13300.00,8500.00,2833.00,300.00,0.00,0.00,1667.00,2500.00,0.00,
4167,Wood Workshop Manager,6,Wood Workshop,25300.00,11000.00,4583.00,1500.00,0.00,0.00,917.00,7300.00,0.00,
4168,Security,3,Operations,2500.00,2000.00,0.00,0.00,260.00,0.00,240.00,2500.00,0.00,
4207,Leadman,3,Grove,1072.83,760.00,0.00,0.00,99.00,0.00,198.00,2000.00,0.00,
4208,Labor,1,Grove,950.00,665.00,0.00,0.00,87.00,0.00,198.00,2000.00,0.00,
4215,Leadman,3,Grove,1122.33,760.00,0.00,0.00,99.00,0.00,200.00,2000.00,0.00,
4216,Leadman,3,Grove,1624.65,700.00,0.00,0.00,91.00,250.00,200.00,2000.00,0.00,
4217,Leadman,3,Operations,1494.42,760.00,0.00,0.00,99.00,0.00,200.00,2000.00,0.00,
4218,Leadman,3,Grove,1059.00,760.00,0.00,0.00,99.00,0.00,200.00,2000.00,0.00,
4233,Labor,1,Operations,950.00,665.00,0.00,0.00,87.00,0.00,198.00,2000.00,0.00,
4277,Welder,4A,Wood Workshop,2290.00,1224.00,0.00,0.00,0.00,250.00,0.00,2800.00,816.00,
4302,Electrician,4A,Operations,1542.00,953.00,0.00,0.00,0.00,0.00,0.00,2000.00,589.00,
4304,Electrician,4A,Operations,1504.72,887.00,0.00,0.00,0.00,0.00,0.00,2000.00,590.00,
4312,Electrician,4A,Operations,1818.00,1091.00,0.00,0.00,0.00,0.00,0.00,2000.00,727.00,
4314,Electrician,4A,Operations,2050.00,1080.00,0.00,0.00,0.00,250.00,0.00,2000.00,720.00,
4316,Electrician,4A,Operations,1924.00,1005.00,0.00,0.00,0.00,250.00,0.00,2000.00,669.00,
4340,Driver - Heavy,3,Operations,3293.31,2250.00,0.00,0.00,293.00,250.00,430.00,2000.00,0.00,
4355,Electrician,4A,Operations,2500.00,2300.00,0.00,0.00,0.00,0.00,200.00,1900.00,0.00,
4406,Sr. Project Engineer,6,Operations,17502.11,9900.00,4125.00,1500.00,0.00,0.00,975.00,8700.00,0.00,
4430,Head of Projects,8A,Operations,50000.00,25000.00,10000.00,3000.00,0.00,0.00,12000.00,6200.00,0.00,
4439,Foreman,4A,Grove,1837.50,1800.00,0.00,0.00,0.00,0.00,0.00,2000.00,0.00,
4455,Driver - Light,3,Human Resources,4706.00,3000.00,1000.00,0.00,391.00,315.00,0.00,2300.00,0.00,
4462,Carpenter,3,Wood Workshop,2550.00,1600.00,0.00,0.00,208.00,250.00,492.00,2300.00,0.00,
4470,Logistic & Support Officer,5B,Logistics Department,8959.00,6000.00,2000.00,0.00,0.00,0.00,959.00,2100.00,0.00,
4496,HE Operator,4B,Operations,1808.00,1600.00,0.00,0.00,208.00,0.00,0.00,2000.00,0.00,
4506,Security,3,Grove,1975.56,1380.00,0.00,0.00,180.00,250.00,144.00,2000.00,0.00,
4508,Tiler,3,Operations,2217.71,1400.00,0.00,0.00,182.00,250.00,218.00,2000.00,0.00,
4509,Timekeeper,4B,Logistics Department,2202.00,1600.00,0.00,0.00,208.00,250.00,144.00,2000.00,0.00,
4521,Foreman,4A,Wood Workshop,5336.00,4500.00,0.00,0.00,586.00,250.00,0.00,2500.00,0.00,
4525,Foreman,4A,Operations,4155.17,2800.00,0.00,0.00,365.00,0.00,121.00,2300.00,0.00,
4532,Electrical Engineer,5A,Operations,10300.00,7000.00,2333.00,300.00,0.00,0.00,667.00,2000.00,0.00,
4552,Sr. Site Engineer,6,Grove,14500.00,8000.00,3333.00,1500.00,0.00,0.00,1667.00,5500.00,0.00,
4554,Receptionist,4B,Administration,4000.00,2800.00,1000.00,200.00,0.00,0.00,0.00,2800.00,0.00,
4569,Electrical Design Engineer,5A,Estimation,12300.00,8000.00,2667.00,300.00,0.00,0.00,1333.00,2300.00,0.00,
4589,Steel Fixer,3,Operations,1335.94,1150.00,0.00,0.00,150.00,0.00,0.00,2300.00,0.00,
4612,Stamped Concrete Applicator,3,Operations,1725.50,1250.00,0.00,0.00,163.00,0.00,0.00,2300.00,0.00,
4613,Mason,3,Operations,1789.93,1371.00,0.00,0.00,179.00,0.00,0.00,1900.00,0.00,
4615,Mason,3,Operations,1738.51,1371.00,0.00,0.00,179.00,0.00,0.00,1900.00,0.00,
4632,Plumber,3,Logistics Department,1748.00,1325.00,0.00,0.00,173.00,250.00,0.00,2300.00,0.00,
4634,Plumber,3,Grove,2084.64,1150.00,0.00,0.00,150.00,0.00,0.00,2300.00,0.00,
4658,Mason,3,Operations,2150.98,1300.00,0.00,0.00,169.00,250.00,0.00,2000.00,0.00,
4672,Mason,3,Operations,1925.00,1300.00,0.00,0.00,169.00,0.00,131.00,2000.00,0.00,
4686,Mason,3,Operations,1976.81,1300.00,0.00,0.00,169.00,0.00,0.00,2000.00,0.00,
4689,HE Operator,4B,Operations,1902.81,1500.00,0.00,0.00,195.00,0.00,0.00,2000.00,0.00,
4692,Mason,3,Operations,1359.90,1150.00,0.00,0.00,150.00,0.00,0.00,2000.00,0.00,
4710,Foreman,4A,Operations,5846.00,4000.00,1000.00,200.00,521.00,0.00,0.00,2100.00,0.00,
4713,Foreman,4A,Operations,5250.00,3800.00,0.00,0.00,495.00,250.00,705.00,2100.00,0.00,
4748,Driver - Heavy,3,Operations,5495.00,2650.00,500.00,0.00,345.00,0.00,0.00,2000.00,0.00,
4802,Internal Audit Officer,5B,Internal Audit,8700.00,6300.00,2100.00,300.00,0.00,0.00,0.00,2000.00,0.00,
4808,Mechanic,4B,Mechanic Workshop,2250.00,1700.00,0.00,0.00,221.00,250.00,79.00,2000.00,0.00,
4833,"Secretary, Site",4A,Operations,5500.00,3500.00,1000.00,200.00,0.00,0.00,800.00,2800.00,0.00,
4877,Sr. Project Engineer,6,Grove,15500.00,9300.00,3875.00,1500.00,0.00,0.00,825.00,2000.00,0.00,
4880,Landscape Supervisor,5B,Operations,11300.00,7500.00,2500.00,300.00,0.00,0.00,1000.00,2100.00,0.00,
4882,Sr. Site Engineer,6,Operations,11700.00,6500.00,2708.00,1500.00,0.00,0.00,992.00,6300.00,0.00,
4890,Sr. Mechanical Draftsman,5B,Operations,8000.00,5500.00,1833.00,300.00,0.00,0.00,367.00,2000.00,0.00,
4918,Public Relations Officer,5A,PRO - Abu Dhabi,11200.00,6525.00,2175.00,0.00,0.00,0.00,0.00,2500.00,0.00,
4938,Driver - Heavy,3,Grove,2462.00,1328.00,0.00,0.00,0.00,250.00,0.00,2000.00,884.00,
4939,Mason,3,Operations,1708.00,960.00,0.00,0.00,0.00,0.00,0.00,2300.00,640.00,
4947,Driver - Light,3,Grove,4225.00,2400.00,0.00,0.00,313.00,250.00,187.00,2300.00,0.00,
4951,Asst. Safety Officer,4A,Operations,4203.13,3000.00,0.00,0.00,0.00,250.00,0.00,2300.00,0.00,
4952,Project Coordinator,5B,Operations,12800.00,7680.00,2833.00,0.00,0.00,0.00,1467.00,2100.00,820.00,
4954,Surveyor,4A,Operations,3800.00,3362.00,0.00,0.00,438.00,0.00,0.00,2000.00,0.00,
4970,Accountant,5B,Finance,9667.00,6500.00,2167.00,200.00,0.00,0.00,800.00,2000.00,0.00,
4982,Safety Officer,5B,Safety,7850.00,5500.00,1833.00,300.00,0.00,0.00,217.00,2300.00,0.00,
4997,"Director, Operations",9B,Operations,59100.00,30000.00,11250.00,3500.00,0.00,0.00,6500.00,7300.00,0.00,
5005,Head of Contracts,8A,Contracts,50500.00,30000.00,10000.00,3000.00,0.00,0.00,7500.00,13300.00,0.00,
5053,DCC Staff,4A,Grove,5200.00,3120.00,1000.00,200.00,0.00,0.00,0.00,2800.00,880.00,
5077,Sr. Architect Engineer,6,Operations,22000.00,13200.00,5500.00,1500.00,0.00,0.00,1800.00,2100.00,0.00,
5092,Construction Manager,7B,Operations,19292.00,11576.00,3542.00,2000.00,0.00,0.00,0.00,5750.00,2174.00,
5096,DCC Staff,4A,DCC,3000.00,1800.00,1000.00,200.00,0.00,0.00,0.00,2800.00,0.00,
5104,Sr. Quantity Surveyor,6,Quantity Surveying,28000.00,16800.00,5833.00,1500.00,0.00,0.00,3867.00,5200.00,0.00,
5111,Driver - Light,3,Finance,4384.00,2631.00,1000.00,0.00,0.00,0.00,0.00,2300.00,753.00,
5116,DCC Staff,4A,Estimation,3700.00,2220.00,1000.00,200.00,0.00,0.00,0.00,2800.00,280.00,
5117,MEP Supervisor,5B,Operations,6050.00,3630.00,1500.00,0.00,0.00,0.00,0.00,2000.00,920.00,
5143,Financial Controller,7A,Finance,23750.00,14250.00,6250.00,2500.00,0.00,0.00,0.00,7000.00,750.00,
5147,DCC Staff,4A,Operations,3200.00,1920.00,1000.00,200.00,0.00,0.00,0.00,2800.00,80.00,
5152,DCC Staff,4A,Operations,3000.00,1800.00,1000.00,200.00,0.00,0.00,0.00,2800.00,0.00,
5172,Site Supervisor,5B,Operations,10300.00,7500.00,2500.00,300.00,0.00,0.00,0.00,2100.00,0.00,
5178,Civil Engineer,5A,Estimation,8800.00,6000.00,2000.00,300.00,0.00,0.00,500.00,2800.00,0.00,
5179,Civil Engineer,5A,Procurement,8800.00,6000.00,2000.00,300.00,0.00,0.00,500.00,2800.00,0.00,
5181,Civil Engineer,5A,Operations,8800.00,6000.00,2000.00,300.00,0.00,0.00,500.00,2800.00,0.00,
5182,"Secretary, Site",4A,Quantity Surveying,5880.00,2680.00,1000.00,200.00,0.00,0.00,0.00,2000.00,0.00,
5201,Secretary,4A,DCC,3500.00,2300.00,1000.00,200.00,0.00,0.00,0.00,2800.00,0.00,
5207,Qty. Surveyor,5A,Operations,6800.00,4500.00,1500.00,300.00,0.00,0.00,500.00,2300.00,0.00,
5209,Surveyor,4A,Operations,7429.69,4500.00,0.00,0.00,0.00,0.00,0.00,2500.00,0.00,
5214,Sr. Project Engineer,6,Grove,15000.00,9000.00,3750.00,1500.00,0.00,0.00,750.00,2100.00,0.00,
5226,"Secretary, Site",4A,Grove,3250.00,2500.00,0.00,0.00,0.00,250.00,500.00,2300.00,0.00,
5238,Landscape Foreman,4A,Operations,2725.07,1278.00,0.00,0.00,0.00,0.00,130.00,2300.00,722.00,
5246,Public Relations Officer,5A,PRO - Abu Dhabi,8000.00,5000.00,1667.00,300.00,0.00,0.00,1033.00,0.00,0.00,
5256,Foreman,4A,Operations,3250.00,2400.00,0.00,0.00,325.00,250.00,275.00,2300.00,0.00,
5257,Sr. Autocad,5B,Operations,9000.00,6000.00,2000.00,300.00,0.00,0.00,700.00,2300.00,0.00,
5260,Civil Engineer,5A,Estimation,6300.00,4500.00,1500.00,300.00,0.00,0.00,0.00,2800.00,0.00,
5263,Leadman,3,Logistics Department,1440.00,1268.00,0.00,0.00,172.00,0.00,0.00,2000.00,0.00,
5266,Planning Assistant,4B,Operations,5300.00,3800.00,1000.00,200.00,0.00,0.00,300.00,2100.00,0.00,
5269,Sr. Autocad,5B,Operations,9000.00,5500.00,1833.00,300.00,0.00,0.00,1367.00,2100.00,0.00,
5271,Foreman,4A,Operations,4254.51,2642.00,0.00,0.00,358.00,250.00,0.00,2500.00,0.00,
5299,Storekeeper,4B,Logistics Department,1601.00,811.00,0.00,0.00,0.00,250.00,0.00,2800.00,540.00,
5306,Diesel Mechanic,4B,Mechanic Workshop,2750.00,1700.00,0.00,0.00,230.00,250.00,570.00,2500.00,0.00,
5309,Accountant,5B,Finance,14500.00,8700.00,2900.00,300.00,0.00,0.00,2600.00,0.00,0.00,
5310,Sr. HSE Engineer,6,Safety,15000.00,8500.00,3542.00,1500.00,0.00,0.00,1458.00,2800.00,0.00,
5312,Safety Officer,5B,Safety,9116.00,4000.00,1333.00,300.00,0.00,0.00,1367.00,1900.00,0.00,
5313,Sr. Planning Engineer,6,Planning,24000.00,12500.00,5208.00,1500.00,0.00,0.00,4792.00,2300.00,0.00,
5314,Sr. Autocad,5B,Operations,8000.00,4500.00,1500.00,300.00,0.00,0.00,1700.00,1900.00,0.00,
5324,Construction Manager,7B,Operations,19500.00,11000.00,4583.00,1500.00,0.00,0.00,2417.00,0.00,0.00,
5328,QA/QC Inspector,5B,Operations,8000.00,5000.00,1667.00,300.00,0.00,0.00,1033.00,0.00,0.00,
5332,IT Assistant,4B,Information Technology,6000.00,3600.00,1000.00,200.00,0.00,0.00,0.00,0.00,1200.00,
5333,DCC Staff,4A,Operations,4000.00,2300.00,1000.00,200.00,0.00,0.00,500.00,0.00,0.00,
5335,Safety Officer,5B,Operations,6000.00,3500.00,1167.00,300.00,0.00,0.00,1033.00,0.00,0.00,
5336,Planner/Scheduler,5B,Operations,10000.00,4500.00,1500.00,300.00,0.00,0.00,1200.00,0.00,0.00,
5337,QA/QC Inspector,5B,Operations,10300.00,4000.00,1333.00,300.00,0.00,0.00,1867.00,0.00,0.00,
5339,Safety Officer,5B,Safety,11000.00,5800.00,1933.00,300.00,0.00,0.00,2967.00,0.00,0.00,
5340,QA/QC Inspector,5B,Operations,8500.00,3500.00,1167.00,300.00,0.00,0.00,1033.00,0.00,0.00,
5342,Administration Manager,7A,Administration,27000.00,16200.00,6750.00,2000.00,0.00,0.00,2050.00,0.00,0.00,
5344,Human Resources  Manager,7A,Human Resources,25000.00,15000.00,6250.00,2000.00,0.00,0.00,1750.00,0.00,0.00,
5348,QA/QC Engineer,5A,Operations,10000.00,6000.00,2000.00,300.00,0.00,0.00,1700.00,0.00,0.00,
5351,IT Assistant,4B,Information Technology,8680.00,4200.00,1400.00,200.00,0.00,0.00,1200.00,0.00,0.00,
5353,Sr. Safety Engineer,6,Safety,18000.00,10800.00,4500.00,1500.00,0.00,0.00,1200.00,0.00,0.00,
5354,Project Manager,7A,Operations,38000.00,22800.00,9500.00,2500.00,0.00,0.00,3200.00,0.00,0.00,
5357,Autocad Operator,4A,Operations,7900.00,4000.00,1333.00,200.00,0.00,0.00,1467.00,0.00,0.00,
5358,Sr. Autocad,5B,Operations,9000.00,5400.00,1800.00,300.00,0.00,0.00,1500.00,0.00,0.00,
5359,Draftsman,4A,Operations,7800.00,4680.00,1560.00,200.00,0.00,0.00,1360.00,0.00,0.00,
5360,Architect Engineer,5A,Operations,8500.00,5100.00,1700.00,300.00,0.00,0.00,1400.00,0.00,0.00,
5362,Commercial Coordinator,5B,Contracts,18500.00,11100.00,3700.00,300.00,0.00,0.00,3400.00,0.00,0.00,
5363,Architect Engineer,5A,Operations,9500.00,5700.00,1900.00,300.00,0.00,0.00,1600.00,0.00,0.00,
5364,Site Engineer,5A,Operations,7000.00,4200.00,1400.00,300.00,0.00,0.00,1100.00,0.00,0.00,
5365,Human Resources Officer,5B,Human Resources,18500.00,11100.00,3700.00,300.00,0.00,0.00,3400.00,0.00,0.00,
5366,DCC Staff,4A,Operations,5000.00,3000.00,1000.00,200.00,0.00,0.00,800.00,0.00,0.00,
5367,DCC Staff,4A,Operations,4500.00,2700.00,1000.00,200.00,0.00,0.00,600.00,0.00,0.00,
5368,Qty. Surveyor,5A,Operations,7000.00,4200.00,1400.00,300.00,0.00,0.00,1100.00,0.00,0.00,
5369,Procurement Officer,5B,Procurement,8000.00,4800.00,1600.00,300.00,0.00,0.00,1300.00,0.00,0.00,
5370,Architect Engineer,5A,Operations,10000.00,6000.00,2000.00,300.00,0.00,0.00,1700.00,0.00,0.00,
5371,Architect Engineer,5A,Operations,12000.00,7200.00,2400.00,300.00,0.00,0.00,2100.00,0.00,0.00,
5372,Safety Officer,5B,Operations,8000.00,4800.00,1600.00,300.00,0.00,0.00,1300.00,0.00,0.00,
5374,Qty. Surveyor,5A,Operations,7500.00,4500.00,1500.00,300.00,0.00,0.00,1200.00,0.00,0.00,
5375,Structural Engineer,5A,Operations,8000.00,4800.00,1920.00,300.00,0.00,0.00,980.00,0.00,0.00,
5376,Mechanical Engineer,5A,Operations,7500.00,4500.00,1500.00,300.00,0.00,0.00,1200.00,0.00,0.00,
5377,Receptionist,4B,Administration,5000.00,3000.00,1000.00,200.00,0.00,0.00,800.00,0.00,0.00,
5379,Autocad Operator,4A,Operations,6500.00,3900.00,1300.00,200.00,0.00,0.00,1100.00,0.00,0.00,
5380,Operations Manager,7A,Grove,33000.00,19800.00,7500.00,2500.00,0.00,0.00,3200.00,0.00,0.00,
5381,HSE Coordinator,4A,Safety,4000.00,2400.00,1000.00,200.00,0.00,0.00,400.00,0.00,0.00,
5382,Safety Officer,5B,Safety,8500.00,5100.00,1700.00,300.00,0.00,0.00,1400.00,0.00,0.00,
5383,DCC Staff,4A,Operations,4500.00,2700.00,1000.00,200.00,0.00,0.00,600.00,0.00,0.00,
5384,Sr. Government Relation Officer,7B,Human Resources,54000.00,16200.00,6750.00,2000.00,0.00,0.00,2050.00,0.00,0.00,
5385,Logistic & Support Officer,5B,Logistics Department,10200.00,4800.00,1600.00,0.00,0.00,0.00,1300.00,0.00,0.00,
5386,IT Assistant,4B,Information Technology,3500.00,2100.00,1000.00,200.00,0.00,0.00,200.00,0.00,0.00,
5389,"Secretary, Site",4A,Grove,4500.00,2700.00,1000.00,200.00,0.00,0.00,600.00,0.00,0.00,
5390,Planning Engineer,5A,Operations,12000.00,7200.00,2400.00,300.00,0.00,0.00,2100.00,0.00,0.00,
5391,Secretary,4A,Operations,6000.00,3600.00,1200.00,200.00,0.00,0.00,1000.00,0.00,0.00,
5392,Asst. Safety Officer,4A,Safety,4000.00,2400.00,1000.00,200.00,0.00,0.00,400.00,0.00,0.00,
5393,Asst. Safety Officer,4A,Safety,4500.00,2700.00,1000.00,200.00,0.00,0.00,600.00,0.00,0.00,
5394,Procurement Officer,5B,Procurement,7000.00,4200.00,1400.00,300.00,0.00,0.00,1100.00,0.00,0.00,
5395,"Secretary, Site",4A,Operations,6000.00,3600.00,1200.00,200.00,0.00,0.00,1000.00,0.00,0.00,
5396,Finance Manager,7A,Finance,33400.00,20040.00,8350.00,2500.00,0.00,0.00,2510.00,0.00,0.00,
5397,Asst. Safety Officer,4A,Safety,4500.00,2700.00,1000.00,200.00,0.00,0.00,600.00,0.00,0.00,
6032,Driver - Heavy,3,Operations,2985.55,2170.00,0.00,0.00,283.00,250.00,0.00,2000.00,0.00,
6034,Labor,1,Grove,1759.38,600.00,0.00,0.00,78.00,0.00,672.00,2000.00,0.00,
6042,Labor,1,Operations,1883.98,1239.00,0.00,0.00,161.00,0.00,0.00,2000.00,0.00,
6044,Labor,1,Grove,1200.00,480.00,0.00,0.00,63.00,0.00,657.00,2000.00,0.00,
6046,Pump Operator,3,Operations,1656.85,700.00,0.00,0.00,91.00,0.00,607.00,2000.00,0.00,
6075,Machine Operator,3,Grove,1750.00,600.00,0.00,0.00,78.00,250.00,822.00,2000.00,0.00,
6084,Camp Boss,4A,Operations,2013.52,1035.00,0.00,0.00,135.00,250.00,200.00,2000.00,0.00,
6085,Foreman,4A,Operations,1561.00,800.00,0.00,0.00,104.00,250.00,200.00,2000.00,207.00,
6087,Labor,1,Mechanic Workshop,1200.00,480.00,0.00,0.00,63.00,250.00,407.00,2000.00,0.00,
6091,Mason,3,Grove,2188.71,1700.00,0.00,0.00,221.00,250.00,0.00,2000.00,0.00,
6094,Foreman,4A,Operations,4342.00,1000.00,0.00,0.00,130.00,0.00,647.00,2000.00,0.00,
6098,Carpenter,3,Operations,1408.63,790.00,0.00,0.00,103.00,0.00,407.00,2000.00,0.00,
6113,Labor,1,Operations,1067.78,569.00,0.00,0.00,74.00,0.00,407.00,2000.00,0.00,
6145,Leadman,3,Grove,1266.00,760.00,0.00,0.00,99.00,0.00,407.00,2000.00,0.00,
6158,Plumber,3,Operations,1649.00,900.00,0.00,0.00,117.00,0.00,407.00,2000.00,0.00,
6184,Foreman,4A,Operations,2301.00,1400.00,0.00,0.00,182.00,0.00,369.00,2000.00,0.00,
6209,Carpenter,3,Operations,1550.00,790.00,0.00,0.00,103.00,250.00,407.00,2000.00,0.00,
6232,Watchman,3,Branch Office - Al-Ain,1955.00,750.00,500.00,200.00,98.00,200.00,0.00,2000.00,207.00,
6246,Pump Operator,3,Operations,1142.00,650.00,0.00,0.00,85.00,0.00,407.00,2000.00,0.00,
6309,Leadman,3,Operations,1461.00,800.00,0.00,0.00,104.00,0.00,557.00,2000.00,0.00,
6320,Pump Operator,3,Operations,1600.39,650.00,0.00,0.00,85.00,0.00,407.00,2000.00,0.00,
6326,Pump Operator,3,Grove,1382.63,650.00,0.00,0.00,85.00,0.00,200.00,2000.00,407.00,
6348,Storekeeper,4B,Operations,1418.75,900.00,0.00,0.00,130.00,0.00,355.00,2000.00,0.00,
6354,Pump Operator,3,Operations,3068.89,650.00,0.00,0.00,85.00,0.00,407.00,2000.00,0.00,
6459,Pump Operator,3,Grove,1350.00,600.00,0.00,0.00,78.00,0.00,672.00,2000.00,0.00,
6480,Foreman,4A,Logistics Department,1956.00,1000.00,0.00,0.00,156.00,0.00,0.00,1900.00,800.00,
6528,Labor,1,Grove,1634.50,480.00,0.00,0.00,63.00,250.00,657.00,2000.00,0.00,
6539,Pump Operator,3,Operations,2115.00,1650.00,0.00,0.00,215.00,250.00,0.00,2800.00,0.00,
6565,Labor,1,Operations,1300.72,569.00,0.00,0.00,74.00,0.00,407.00,2000.00,0.00,
6574,Labor,1,Operations,950.00,480.00,0.00,0.00,63.00,0.00,407.00,2000.00,0.00,
6585,Labor,1,Grove,1350.00,600.00,0.00,0.00,78.00,240.00,0.00,0.00,432.00,
6586,Pump Operator,3,Operations,1280.13,650.00,0.00,0.00,85.00,0.00,407.00,2000.00,0.00,
6668,Pump Operator,3,Logistics Department,3088.00,650.00,0.00,0.00,85.00,0.00,557.00,2000.00,0.00,
6675,Pump Operator,3,Operations,5408.28,650.00,0.00,0.00,85.00,0.00,607.00,0.00,0.00,
6713,Labor,1,Grove,980.00,480.00,0.00,0.00,63.00,0.00,407.00,2000.00,0.00,
6733,Palm Tree Man,3,Operations,950.00,480.00,0.00,0.00,63.00,0.00,407.00,2000.00,0.00,
6847,Accountant,5B,Finance,5633.00,4000.00,1333.00,300.00,0.00,0.00,0.00,2800.00,0.00,
